"","name","position","adjusted.points","dollar.value"
"1","Mike Trout","outfield",9.95,34.56
"2","Clayton Kershaw","pitcher",11.97,33.71
"3","Giancarlo Stanton","outfield",8.19,28.8
"4","Jose Altuve","second_base",8.03,28.29
"5","Bryce Harper","outfield",7.77,27.45
"6","Dee Gordon","second_base",7.71,27.24
"7","Max Scherzer","pitcher",9.56,26.93
"8","Mookie Betts","outfield",7.41,26.26
"9","Billy Hamilton","outfield",7.36,26.09
"10","Chris Sale","pitcher",9.23,26
"11","Miguel Cabrera","third_base",7.07,25.13
"12","Manny Machado","third_base",6.94,24.72
"13","Paul Goldschmidt","first_base",6.88,24.54
"14","Kris Bryant","third_base",6.87,24.47
"15","Starling Marte","outfield",6.63,23.7
"16","Charlie Blackmon","outfield",6.57,23.5
"17","Anthony Rizzo","first_base",6.46,23.15
"18","Madison Bumgarner","pitcher",8.02,22.59
"19","Carlos Correa","shortstop",6.23,22.39
"20","David Price","pitcher",7.92,22.32
"21","Ryan Braun","outfield",6.14,22.11
"22","Andrew McCutchen","outfield",6.11,22.01
"23","Corey Kluber","pitcher",7.74,21.8
"24","Nolan Arenado","third_base",5.91,21.34
"25","Josh Donaldson","third_base",5.82,21.05
"26","Jose Abreu","first_base",5.79,20.95
"27","A.J. Pollock","outfield",5.63,20.43
"28","George Springer","outfield",5.63,20.43
"29","Jake Arrieta","pitcher",7.25,20.43
"30","Jose Reyes","shortstop",5.58,20.28
"31","Jose Fernandez","pitcher",7.17,20.21
"32","Matt Harvey","pitcher",6.94,19.56
"33","Stephen Strasburg","pitcher",6.93,19.54
"34","Jason Heyward","outfield",5.1,18.7
"35","Zack Greinke","pitcher",6.61,18.61
"36","Jose Bautista","outfield",5,18.37
"37","Jacob deGrom","pitcher",6.45,18.17
"38","Jon Lester","pitcher",6.36,17.91
"39","Carlos Carrasco","pitcher",6.32,17.81
"40","Justin Upton","outfield",4.74,17.52
"41","Buster Posey","catcher",4.73,17.47
"42","Felix Hernandez","pitcher",6.19,17.43
"43","Todd Frazier","third_base",4.71,17.41
"44","Jacoby Ellsbury","outfield",4.61,17.09
"45","Edwin Encarnacion","first_base",4.61,17.08
"46","Carlos Gomez","outfield",4.53,16.83
"47","Lorenzo Cain","outfield",4.45,16.57
"48","Christian Yelich","outfield",4.44,16.53
"49","Adam Jones","outfield",4.42,16.46
"50","Adrian Beltre","third_base",4.33,16.19
"51","Chris Archer","pitcher",5.75,16.19
"52","Gerrit Cole","pitcher",5.71,16.09
"53","Noah Syndergaard","pitcher",5.68,16.01
"54","Gregory Polanco","outfield",4.28,16
"55","Johnny Cueto","pitcher",5.67,15.97
"56","Dallas Keuchel","pitcher",5.57,15.7
"57","Delino Deshields","outfield",4.16,15.63
"58","Yoenis Cespedes","outfield",4.11,15.44
"59","Yasiel Puig","outfield",4.06,15.31
"60","Corey Dickerson","outfield",4.06,15.29
"61","Joey Votto","first_base",4.03,15.2
"62","Masahiro Tanaka","pitcher",5.37,15.13
"63","Yu Darvish","pitcher",5.29,14.9
"64","J.D. Martinez","outfield",3.91,14.79
"65","Kyle Schwarber","catcher",3.88,14.7
"66","Prince Fielder","first_base",3.87,14.68
"67","Nelson Cruz","outfield",3.84,14.56
"68","Freddie Freeman","first_base",3.78,14.38
"69","Evan Gattis","catcher",3.76,14.31
"70","Carlos Gonzalez","outfield",3.75,14.26
"71","Xander Bogaerts","shortstop",3.74,14.25
"72","Kyle Seager","third_base",3.71,14.15
"73","Miguel Sano","dh",3.69,14.06
"74","Francisco Lindor","shortstop",3.66,13.97
"75","Albert Pujols","first_base",3.64,13.93
"76","Billy Burns","outfield",3.57,13.68
"77","Hanley Ramirez","shortstop",3.51,13.49
"78","Robinson Cano","second_base",3.45,13.28
"79","Tyson Ross","pitcher",4.63,13.06
"80","Aroldis Chapman","pitcher",4.62,13
"81","Josh Harrison","third_base",3.31,12.85
"82","David Robertson","pitcher",4.52,12.72
"83","Michael Pineda","pitcher",4.5,12.69
"84","Eric Hosmer","first_base",3.26,12.67
"85","Will Smith","pitcher",4.48,12.62
"86","Francisco Liriano","pitcher",4.48,12.62
"87","Jeff Samardzija","pitcher",4.47,12.6
"88","Danny Salazar","pitcher",4.37,12.32
"89","Rougned Odor","second_base",3.15,12.31
"90","Sean Doolittle","pitcher",4.35,12.25
"91","Jason Kipnis","second_base",3.12,12.22
"92","Maikel Franco","third_base",3.09,12.12
"93","Daniel Murphy","second_base",3.09,12.12
"94","Kenley Jansen","pitcher",4.29,12.1
"95","Evan Longoria","third_base",3.05,11.98
"96","Elvis Andrus","shortstop",3.02,11.88
"97","Ian Kinsler","second_base",2.99,11.77
"98","Adam Eaton","outfield",2.99,11.77
"99","Carter Capps","pitcher",4.15,11.71
"100","Anthony Rendon","third_base",2.95,11.67
"101","Cole Hamels","pitcher",4.14,11.67
"102","James Shields","pitcher",4.09,11.53
"103","Brad Boxberger","pitcher",4.08,11.5
"104","Mark Trumbo","outfield",2.89,11.46
"105","Adam Wainwright","pitcher",4.06,11.44
"106","David Ortiz","dh",2.84,11.31
"107","Mark Melancon","pitcher",3.98,11.21
"108","David Peralta","outfield",2.81,11.2
"109","Khris Davis","outfield",2.8,11.16
"110","Kevin Pillar","outfield",2.79,11.14
"111","Yordano Ventura","pitcher",3.95,11.13
"112","Joc Pederson","outfield",2.77,11.08
"113","Brian Dozier","second_base",2.75,11
"114","Craig Kimbrel","pitcher",3.9,10.98
"115","Salvador Perez","catcher",2.74,10.95
"116","Matt Carpenter","third_base",2.73,10.93
"117","Jeurys Familia","pitcher",3.86,10.88
"118","Ken Giles","pitcher",3.83,10.8
"119","Glen Perkins","pitcher",3.83,10.79
"120","Adrian Gonzalez","first_base",2.66,10.7
"121","Hunter Pence","outfield",2.64,10.65
"122","Chris Davis","first_base",2.64,10.64
"123","Matt Kemp","outfield",2.63,10.61
"124","Raisel Iglesias","pitcher",3.76,10.59
"125","Wei-Yin Chen","pitcher",3.74,10.53
"126","Dustin Pedroia","second_base",2.59,10.47
"127","Jose Quintana","pitcher",3.68,10.37
"128","John Lackey","pitcher",3.68,10.36
"129","Trea Turner","shortstop",2.55,10.34
"130","Brett Gardner","outfield",2.53,10.29
"131","Taijuan Walker","pitcher",3.59,10.12
"132","Cody Allen","pitcher",3.58,10.08
"133","Wil Myers","outfield",2.45,10
"134","Santiago Casilla","pitcher",3.52,9.93
"135","Melky Cabrera","outfield",2.42,9.92
"136","Hisashi Iwakuma","pitcher",3.5,9.85
"137","Zach Britton","pitcher",3.49,9.85
"138","Jake Odorizzi","pitcher",3.49,9.83
"139","David Hernandez","pitcher",3.49,9.83
"140","Kolten Wong","second_base",2.39,9.82
"141","Matt Holliday","outfield",2.37,9.75
"142","Wade Davis","pitcher",3.46,9.75
"143","Trevor Rosenthal","pitcher",3.45,9.73
"144","Garrett Richards","pitcher",3.44,9.69
"145","Brian McCann","catcher",2.34,9.65
"146","Marcus Stroman","pitcher",3.42,9.64
"147","Shin-Soo Choo","outfield",2.33,9.63
"148","Byron Buxton","outfield",2.32,9.6
"149","Matt Duffy","third_base",2.31,9.57
"150","Brandon Maurer","pitcher",3.39,9.56
"151","Shawn Tolleson","pitcher",3.39,9.55
"152","Jung-ho Kang","third_base",2.29,9.49
"153","Scott Kazmir","pitcher",3.36,9.47
"154","Jonathan Papelbon","pitcher",3.35,9.43
"155","Kole Calhoun","outfield",2.26,9.4
"156","Mike Moustakas","third_base",2.23,9.3
"157","Jay Bruce","outfield",2.22,9.27
"158","Alex Gordon","outfield",2.22,9.27
"159","Jonathan Lucroy","catcher",2.22,9.26
"160","Randal Grichuk","outfield",2.21,9.23
"161","Sonny Gray","pitcher",3.27,9.22
"162","DJ LeMahieu","second_base",2.2,9.21
"163","Tyler Clippard","pitcher",3.22,9.06
"164","Drew Smyly","pitcher",3.21,9.05
"165","Francisco Rodriguez","pitcher",3.18,8.96
"166","Collin McHugh","pitcher",3.18,8.95
"167","Ben Zobrist","second_base",2.11,8.9
"168","Huston Street","pitcher",3.14,8.85
"169","Cory Spangenberg","third_base",2.09,8.83
"170","Curtis Granderson","outfield",2.05,8.71
"171","Josh Reddick","outfield",2.04,8.67
"172","Jean Segura","shortstop",2.03,8.63
"173","Jordan Zimmermann","pitcher",3.06,8.63
"174","Justin Verlander","pitcher",3.05,8.6
"175","Troy Tulowitzki","shortstop",2,8.54
"176","Justin Turner","third_base",1.99,8.51
"177","J.J. Hoover","pitcher",3.02,8.51
"178","Brandon Belt","first_base",1.98,8.5
"179","Avisail Garcia","outfield",1.97,8.44
"180","Nick Hundley","catcher",1.96,8.42
"181","Kyle Hendricks","pitcher",2.97,8.37
"182","Andrew Cashner","pitcher",2.92,8.23
"183","Ketel Marte","shortstop",1.9,8.21
"184","Steve Cishek","pitcher",2.91,8.2
"185","Julio Teheran","pitcher",2.91,8.2
"186","Hector Rondon","pitcher",2.89,8.16
"187","Carlos Martinez","pitcher",2.89,8.15
"188","Jarrod Dyson","outfield",1.86,8.09
"189","Ian Kennedy","pitcher",2.86,8.06
"190","Pablo Sandoval","third_base",1.83,7.98
"191","Marcell Ozuna","outfield",1.82,7.97
"192","Starlin Castro","shortstop",1.8,7.88
"193","Denard Span","outfield",1.79,7.86
"194","Brad Ziegler","pitcher",2.75,7.76
"195","Eddie Rosario","outfield",1.75,7.72
"196","Michael Wacha","pitcher",2.73,7.69
"197","Victor Martinez","dh",1.74,7.68
"198","Corey Seager","shortstop",1.73,7.66
"199","Rick Porcello","pitcher",2.69,7.59
"200","John Jaso","catcher",1.68,7.49
"201","Brett Lawrie","third_base",1.67,7.48
"202","Jason Hammel","pitcher",2.64,7.45
"203","Clay Buchholz","pitcher",2.63,7.4
"204","Matt Adams","first_base",1.64,7.37
"205","Nori Aoki","outfield",1.61,7.29
"206","Ian Desmond","shortstop",1.61,7.26
"207","Patrick Corbin","pitcher",2.57,7.23
"208","Brandon Phillips","second_base",1.59,7.19
"209","Howie Kendrick","second_base",1.58,7.18
"210","David Wright","third_base",1.57,7.15
"211","Michael Brantley","outfield",1.57,7.15
"212","Lance McCullers","pitcher",2.53,7.13
"213","Mike Fiers","pitcher",2.5,7.04
"214","Kevin Kiermaier","outfield",1.52,6.98
"215","Alcides Escobar","shortstop",1.49,6.88
"216","Steven Matz","pitcher",2.44,6.88
"217","Gio Gonzalez","pitcher",2.43,6.86
"218","Domingo Santana","outfield",1.47,6.8
"219","Marcus Semien","shortstop",1.45,6.75
"220","Alexei Ramirez","shortstop",1.45,6.74
"221","Russell Martin","catcher",1.43,6.67
"222","Jason Motte","pitcher",2.31,6.51
"223","Carlos Santana","first_base",1.35,6.41
"224","Anthony DeSclafani","pitcher",2.26,6.36
"225","Dexter Fowler","outfield",1.31,6.29
"226","Aaron Nola","pitcher",2.23,6.28
"227","Trevor Plouffe","third_base",1.3,6.26
"228","Nick Castellanos","third_base",1.28,6.19
"229","Anibal Sanchez","pitcher",2.2,6.19
"230","Stephen Vogt","catcher",1.22,6.01
"231","Jose Iglesias","shortstop",1.21,5.96
"232","Carlos Rodon","pitcher",2.07,5.84
"233","Kendrys Morales","dh",1.16,5.79
"234","Chase Headley","third_base",1.15,5.78
"235","Anthony Gose","outfield",1.14,5.72
"236","Kevin Gausman","pitcher",2.03,5.72
"237","Steven Souza","outfield",1.13,5.71
"238","Yadier Molina","catcher",1.12,5.68
"239","Austin Jackson","outfield",1.12,5.66
"240","Rich Hill","pitcher",1.98,5.57
"241","Yasmany Tomas","third_base",1.05,5.45
"242","Luis Severino","pitcher",1.89,5.33
"243","Desmond Jennings","outfield",1,5.26
"244","Jorge Soler","outfield",0.99,5.26
"245","Jhonny Peralta","shortstop",0.97,5.18
"246","Michael Conforto","outfield",0.97,5.17
"247","Phil Hughes","pitcher",1.83,5.15
"248","Carlos Beltran","outfield",0.95,5.11
"249","Gerardo Parra","outfield",0.95,5.1
"250","Devin Mesoraco","catcher",0.89,4.92
"251","Ryan Zimmerman","third_base",0.88,4.89
"252","Mark Teixeira","first_base",0.88,4.87
"253","Jeremy Hellickson","pitcher",1.69,4.78
"254","Scooter Gennett","second_base",0.84,4.75
"255","Michael Taylor","outfield",0.83,4.73
"256","Shelby Miller","pitcher",1.68,4.73
"257","J.T. Realmuto","catcher",0.81,4.64
"258","Leonys Martin","outfield",0.8,4.63
"259","Erick Aybar","shortstop",0.76,4.47
"260","Mike Leake","pitcher",1.59,4.47
"261","Chris Carter","first_base",0.7,4.3
"262","Martin Prado","third_base",0.7,4.3
"263","Adam Duvall","outfield",0.69,4.25
"264","Josh Hamilton","outfield",0.68,4.24
"265","Jake Peavy","pitcher",1.5,4.23
"266","Mike Foltynewicz","pitcher",1.48,4.16
"267","J.A. Happ","pitcher",1.47,4.15
"268","Addison Russell","shortstop",0.66,4.14
"269","Francisco Cervelli","catcher",0.61,4.01
"270","Jimmy Rollins","shortstop",0.61,4
"271","Derek Holland","pitcher",1.4,3.95
"272","Odubel Herrera","outfield",0.59,3.94
"273","Alex Rodriguez","dh",0.57,3.86
"274","Jimmy Nelson","pitcher",1.37,3.86
"275","Adam Lind","first_base",0.55,3.82
"276","Brett Anderson","pitcher",1.35,3.81
"277","C.J. Wilson","pitcher",1.33,3.73
"278","Jayson Werth","outfield",0.51,3.65
"279","Lucas Duda","first_base",0.5,3.62
"280","Sergio Romo","pitcher",1.28,3.61
"281","Brandon Guyer","outfield",0.49,3.6
"282","C.J. Cron","first_base",0.49,3.6
"283","Andrew Miller","pitcher",1.27,3.59
"284","Jesse Chavez","pitcher",1.27,3.58
"285","Joe Panik","second_base",0.48,3.57
"286","Neil Walker","second_base",0.47,3.53
"287","Mat Latos","pitcher",1.25,3.51
"288","Adonis Garcia","third_base",0.45,3.49
"289","Logan Forsythe","second_base",0.45,3.47
"290","Ubaldo Jimenez","pitcher",1.21,3.42
"291","Yan Gomes","catcher",0.43,3.4
"292","Wade Miley","pitcher",1.19,3.36
"293","John Lamb","pitcher",1.17,3.31
"294","Josh Tomlin","pitcher",1.16,3.28
"295","Kris Medlen","pitcher",1.14,3.23
"296","Bartolo Colon","pitcher",1.13,3.19
"297","Ender Inciarte","outfield",0.36,3.18
"298","Mitch Moreland","first_base",0.34,3.11
"299","Jaime Garcia","pitcher",1.1,3.1
"300","Wilson Ramos","catcher",0.31,3
"301","Dellin Betances","pitcher",1.04,2.94
"302","Chris Owings","shortstop",0.28,2.91
"303","Eduardo Rodriguez","pitcher",1.03,2.9
"304","Cameron Maybin","outfield",0.21,2.69
"305","Robbie Erlin","pitcher",0.95,2.69
"306","Andrelton Simmons","shortstop",0.19,2.62
"307","Jake Lamb","third_base",0.19,2.61
"308","Alex Wood","pitcher",0.93,2.61
"309","Darren O'Day","pitcher",0.91,2.58
"310","Chris Hatcher","pitcher",0.9,2.54
"311","Jonathan Schoop","second_base",0.16,2.52
"312","Arodys Vizcaino","pitcher",0.89,2.5
"313","Nathan Eovaldi","pitcher",0.88,2.47
"314","Kevin Siegrist","pitcher",0.87,2.45
"315","Pedro Alvarez","third_base",0.13,2.43
"316","Luis Valbuena","third_base",0.13,2.42
"317","Jonathan Gray","pitcher",0.86,2.42
"318","Stephen Piscotty","outfield",0.13,2.41
"319","Daniel Hudson","pitcher",0.83,2.35
"320","Ervin Santana","pitcher",0.83,2.35
"321","Joe Blanton","pitcher",0.83,2.35
"322","Danny Duffy","pitcher",0.83,2.34
"323","Tony Watson","pitcher",0.82,2.3
"324","R.A. Dickey","pitcher",0.8,2.26
"325","Travis d'Arnaud","catcher",0.08,2.25
"326","Tony Cingrani","pitcher",0.8,2.25
"327","Nick Markakis","outfield",0.06,2.19
"328","Andrew Heaney","pitcher",0.75,2.13
"329","Edinson Volquez","pitcher",0.74,2.08
"330","Brad Miller","shortstop",0.02,2.05
"331","Hector Santiago","pitcher",0.72,2.02
"332","Joe Ross","pitcher",0.71,2
"333","Chris Tillman","pitcher",0.71,1.99
"334","Martin Perez","pitcher",0.7,1.96
"335","Brandon Finnegan","pitcher",0.69,1.95
"336","Yunel Escobar","third_base",-0.02,1.93
"337","Mark Canha","outfield",-0.02,1.92
"338","Erasmo Ramirez","pitcher",0.68,1.92
"339","Jorge de la Rosa","pitcher",0.68,1.91
"340","Joakim Soria","pitcher",0.68,1.91
"341","Drew Storen","pitcher",0.67,1.9
"342","Matthew Wisler","pitcher",0.67,1.9
"343","Joe Mauer","first_base",-0.04,1.87
"344","CC Sabathia","pitcher",0.66,1.86
"345","Matt Moore","pitcher",0.65,1.84
"346","Hyun-Jin Ryu","pitcher",0.65,1.82
"347","A.J. Ramos","pitcher",0.64,1.8
"348","Homer Bailey","pitcher",0.64,1.79
"349","Mark Buehrle","pitcher",0.63,1.78
"350","David Freese","third_base",-0.07,1.76
"351","Robbie Ray","pitcher",0.62,1.76
"352","Rusney Castillo","outfield",-0.08,1.74
"353","Hunter Strickland","pitcher",0.58,1.63
"354","Didi Gregorius","shortstop",-0.12,1.6
"355","Luke Gregerson","pitcher",0.57,1.6
"356","Derek Norris","catcher",-0.13,1.56
"357","Joaquin Benoit","pitcher",0.55,1.55
"358","Jerad Eickhoff","pitcher",0.54,1.53
"359","Rubby de la Rosa","pitcher",0.54,1.52
"360","Yasmani Grandal","catcher",-0.15,1.5
"361","Nate Karns","pitcher",0.53,1.5
"362","Justin Bour","first_base",-0.16,1.49
"363","Danny Valencia","third_base",-0.17,1.45
"364","Jake McGee","pitcher",0.51,1.43
"365","Oswaldo Arcia","outfield",-0.18,1.42
"366","Matt Cain","pitcher",0.48,1.34
"367","Marco Estrada","pitcher",0.47,1.34
"368","Javier Baez","shortstop",-0.22,1.29
"369","Lonnie Chisenhall","third_base",-0.22,1.29
"370","Charlie Morton","pitcher",0.46,1.29
"371","Ryan Madson","pitcher",0.45,1.28
"372","Johnny Giavotella","second_base",-0.23,1.23
"373","Trevor Bauer","pitcher",0.42,1.19
"374","Addison Reed","pitcher",0.41,1.15
"375","Jason Grilli","pitcher",0.41,1.15
"376","Jose Ramirez","shortstop",-0.27,1.12
"377","Eugenio Suarez","shortstop",-0.27,1.12
"378","Joe Smith","pitcher",0.37,1.05
"379","Yusmeiro Petit","pitcher",0.36,1.02
"380","Jeff Locke","pitcher",0.35,0.99
"381","Asdrubal Cabrera","shortstop",-0.31,0.97
"382","Brett Cecil","pitcher",0.35,0.97
"383","Liam Hendriks","pitcher",0.32,0.91
"384","Yovani Gallardo","pitcher",0.32,0.9
"385","Jon Niese","pitcher",0.31,0.86
"386","Yimi Garcia","pitcher",0.31,0.86
"387","Jesse Hahn","pitcher",0.3,0.86
"388","Matt Wieters","catcher",-0.35,0.85
"389","Jackie Bradley Jr.","outfield",-0.35,0.85
"390","Mark Lowe","pitcher",0.29,0.82
"391","Tanner Roark","pitcher",0.27,0.77
"392","Jered Weaver","pitcher",0.25,0.71
"393","Miguel Montero","catcher",-0.4,0.69
"394","Kevin Quackenbush","pitcher",0.23,0.63
"395","Robinson Chirinos","catcher",-0.42,0.61
"396","Koji Uehara","pitcher",0.22,0.61
"397","Yangervis Solarte","third_base",-0.45,0.53
"398","Welington Castillo","catcher",-0.46,0.51
"399","Justin Grimm","pitcher",0.18,0.5
"400","Kyle Gibson","pitcher",0.17,0.47
"401","Jed Lowrie","shortstop",-0.47,0.45
"402","Jeremy Jeffress","pitcher",0.13,0.36
"403","Tom Koehler","pitcher",0.11,0.32
"404","Jumbo Diaz","pitcher",0.1,0.29
"405","Colin Rea","pitcher",0.09,0.27
"406","Edwin Jackson","pitcher",0.09,0.26
"407","Chad Qualls","pitcher",0.07,0.21
"408","Carson Smith","pitcher",0.06,0.17
"409","Sam Dyson","pitcher",0.06,0.16
"410","Zach Duke","pitcher",0.06,0.16
"411","A.J. Pierzynski","catcher",-0.57,0.14
"412","Shawn Kelley","pitcher",0.04,0.1
"413","Doug Fister","pitcher",0.03,0.08
"414","Kevin Jepsen","pitcher",0,0.01
"415","Chris Heston","pitcher",0,0
"416","Mike Dunn","pitcher",-0.01,-0.02
"417","Roberto Osuna","pitcher",-0.02,-0.05
"418","Fernando Salas","pitcher",-0.02,-0.06
"419","Zach McAllister","pitcher",-0.03,-0.07
"420","Yonder Alonso","first_base",-0.64,-0.09
"421","Chris Young","pitcher",-0.03,-0.1
"422","Colby Rasmus","outfield",-0.66,-0.15
"423","Pedro Strop","pitcher",-0.05,-0.15
"424","Tyler Lyons","pitcher",-0.09,-0.24
"425","Hansel Robles","pitcher",-0.1,-0.28
"426","Blake Swihart","catcher",-0.71,-0.33
"427","David Phelps","pitcher",-0.12,-0.34
"428","Nick Vincent","pitcher",-0.12,-0.34
"429","Josh Fields","pitcher",-0.13,-0.37
"430","Matt Garza","pitcher",-0.15,-0.42
"431","Kelvin Herrera","pitcher",-0.15,-0.43
"432","Brandon Crawford","shortstop",-0.76,-0.49
"433","Luis Garcia","pitcher",-0.19,-0.54
"434","Adam LaRoche","first_base",-0.79,-0.58
"435","Chris Withrow","pitcher",-0.2,-0.58
"436","Mike Morin","pitcher",-0.21,-0.58
"437","Bryan Shaw","pitcher",-0.22,-0.61
"438","Charlie Furbush","pitcher",-0.22,-0.63
"439","Jordan Walden","pitcher",-0.23,-0.66
"440","Hector Olivera","third_base",-0.82,-0.68
"441","Daniel Norris","pitcher",-0.24,-0.68
"442","Matt Shoemaker","pitcher",-0.25,-0.7
"443","James Loney","first_base",-0.83,-0.73
"444","Danny Farquhar","pitcher",-0.26,-0.74
"445","Chad Bettis","pitcher",-0.3,-0.84
"446","Roenis Elias","pitcher",-0.3,-0.85
"447","Kyle Lohse","pitcher",-0.32,-0.89
"448","Joe Kelly","pitcher",-0.32,-0.9
"449","Zack Cozart","shortstop",-0.9,-0.93
"450","Shaun Marcum","pitcher",-0.33,-0.93
"451","Michael Saunders","outfield",-0.9,-0.95
"452","Adeiny Hechavarria","shortstop",-0.91,-0.98
"453","Miguel Gonzalez","pitcher",-0.35,-0.99
"454","Drew Pomeranz","pitcher",-0.35,-0.99
"455","Junichi Tazawa","pitcher",-0.35,-1
"456","Chris Bassitt","pitcher",-0.36,-1.02
"457","Jarred Cosart","pitcher",-0.37,-1.03
"458","Brian Matusz","pitcher",-0.37,-1.05
"459","Jake Diekman","pitcher",-0.37,-1.05
"460","Jason Castro","catcher",-0.94,-1.09
"461","Justin Wilson","pitcher",-0.39,-1.09
"462","Blake Treinen","pitcher",-0.39,-1.1
"463","Andre Ethier","outfield",-0.95,-1.11
"464","Jonathan Villar","shortstop",-0.96,-1.13
"465","Arquimedes Caminero","pitcher",-0.41,-1.15
"466","Josh Johnson","pitcher",-0.41,-1.16
"467","Tony Zych","pitcher",-0.44,-1.24
"468","Fernando Rodriguez","pitcher",-0.44,-1.25
"469","Randall Delgado","pitcher",-0.46,-1.29
"470","Dylan Bundy","pitcher",-0.46,-1.3
"471","Chris Young","outfield",-1.01,-1.31
"472","Jose Peraza","second_base",-1.03,-1.36
"473","Silvino Bracho","pitcher",-0.48,-1.36
"474","Wily Peralta","pitcher",-0.48,-1.36
"475","Evan Scribner","pitcher",-0.5,-1.4
"476","Will Harris","pitcher",-0.5,-1.41
"477","Justin Morneau","first_base",-1.06,-1.46
"478","Brad Brach","pitcher",-0.55,-1.54
"479","Nate Jones","pitcher",-0.56,-1.57
"480","Jonathan Broxton","pitcher",-0.56,-1.57
"481","Luke Hochevar","pitcher",-0.6,-1.68
"482","Jace Peterson","second_base",-1.13,-1.69
"483","Marlon Byrd","outfield",-1.13,-1.7
"484","Oliver Perez","pitcher",-0.6,-1.7
"485","Henry Urrutia","outfield",-1.14,-1.72
"486","Rajai Davis","outfield",-1.14,-1.72
"487","Dioner Navarro","catcher",-1.14,-1.74
"488","Pedro Baez","pitcher",-0.62,-1.74
"489","Drew Hutchison","pitcher",-0.62,-1.74
"490","Zach Putnam","pitcher",-0.63,-1.78
"491","Trevor May","pitcher",-0.63,-1.78
"492","Steve Pearce","outfield",-1.16,-1.79
"493","Brian Flynn","pitcher",-0.64,-1.79
"494","Fernando Rodney","pitcher",-0.64,-1.81
"495","Mike Napoli","first_base",-1.17,-1.82
"496","Cody Asche","third_base",-1.17,-1.84
"497","Carlos Torres","pitcher",-0.66,-1.87
"498","Nicholas Tropeano","pitcher",-0.67,-1.89
"499","Danny Santana","shortstop",-1.2,-1.93
"500","Shawn Armstrong","pitcher",-0.69,-1.96
"501","Aaron Altherr","outfield",-1.21,-1.97
"502","Kendall Graveman","pitcher",-0.7,-1.98
"503","Tommy Milone","pitcher",-0.71,-1.99
"504","Chris Colabello","outfield",-1.22,-2.01
"505","George Kontos","pitcher",-0.71,-2.01
"506","Scott Feldman","pitcher",-0.72,-2.02
"507","Zachary Davies","pitcher",-0.74,-2.08
"508","Casey Fien","pitcher",-0.74,-2.08
"509","Corey Knebel","pitcher",-0.74,-2.1
"510","Tyler Chatwood","pitcher",-0.76,-2.13
"511","Chasen Shreve","pitcher",-0.76,-2.14
"512","Trevor Cahill","pitcher",-0.78,-2.18
"513","Alex Rios","outfield",-1.29,-2.22
"514","Vidal Nuno","pitcher",-0.79,-2.23
"515","Brandon Moss","outfield",-1.3,-2.24
"516","Michael Lorenzen","pitcher",-0.8,-2.24
"517","Aaron Harang","pitcher",-0.8,-2.25
"518","James McCann","catcher",-1.32,-2.33
"519","Justin Miller","pitcher",-0.83,-2.34
"520","Jordy Mercer","shortstop",-1.33,-2.35
"521","Josh Osich","pitcher",-0.85,-2.41
"522","Alfredo Simon","pitcher",-0.86,-2.41
"523","Ricky Nolasco","pitcher",-0.89,-2.51
"524","Carlos Perez","catcher",-1.4,-2.59
"525","Darin Ruf","outfield",-1.41,-2.61
"526","Will Venable","outfield",-1.42,-2.64
"527","Juan Nicasio","pitcher",-0.94,-2.64
"528","Xavier Cedeno","pitcher",-0.94,-2.65
"529","J.P. Howell","pitcher",-0.94,-2.66
"530","Justin Masterson","pitcher",-0.95,-2.68
"531","Buddy Baumann","pitcher",-0.96,-2.69
"532","Logan Morrison","first_base",-1.43,-2.7
"533","Aaron Loup","pitcher",-0.96,-2.7
"534","Taylor Jungmann","pitcher",-0.96,-2.7
"535","Sean Gilmartin","pitcher",-0.98,-2.77
"536","Blake Wood","pitcher",-0.98,-2.77
"537","Hector Neris","pitcher",-0.99,-2.78
"538","Jeff Manship","pitcher",-1,-2.81
"539","Ryan Howard","first_base",-1.48,-2.85
"540","Keone Kela","pitcher",-1.02,-2.86
"541","Seth Smith","outfield",-1.49,-2.88
"542","Alex Colome","pitcher",-1.03,-2.89
"543","Nick Ahmed","shortstop",-1.5,-2.91
"544","Williams Perez","pitcher",-1.03,-2.91
"545","Ryan Vogelsong","pitcher",-1.04,-2.94
"546","Chase Utley","second_base",-1.53,-3.01
"547","Adam Warren","pitcher",-1.07,-3.01
"548","Bruce Rondon","pitcher",-1.09,-3.07
"549","Bryan Morris","pitcher",-1.13,-3.18
"550","Michael Blazek","pitcher",-1.14,-3.2
"551","Jose Alvarez","pitcher",-1.14,-3.21
"552","John Danks","pitcher",-1.14,-3.22
"553","Michael Tonkin","pitcher",-1.14,-3.22
"554","Pat Neshek","pitcher",-1.15,-3.24
"555","Mychal Givens","pitcher",-1.16,-3.26
"556","J.J. Hardy","shortstop",-1.61,-3.27
"557","Tony Sipp","pitcher",-1.16,-3.28
"558","Wilmer Flores","shortstop",-1.62,-3.29
"559","Alex Cobb","pitcher",-1.17,-3.3
"560","Tyler Glasnow","pitcher",-1.17,-3.3
"561","Ivan Nova","pitcher",-1.17,-3.3
"562","Tyler Skaggs","pitcher",-1.18,-3.33
"563","Ariel Pena","pitcher",-1.18,-3.33
"564","Jeremy Guthrie","pitcher",-1.19,-3.34
"565","Franklin Morales","pitcher",-1.2,-3.37
"566","Aaron Sanchez","pitcher",-1.2,-3.38
"567","Juan Uribe","third_base",-1.65,-3.41
"568","Billy Butler","dh",-1.67,-3.46
"569","Jon Singleton","first_base",-1.68,-3.5
"570","Travis Wood","pitcher",-1.24,-3.5
"571","Antonio Bastardo","pitcher",-1.26,-3.54
"572","Tom Wilhelmsen","pitcher",-1.26,-3.55
"573","Rafael Montero","pitcher",-1.29,-3.64
"574","Jared Hughes","pitcher",-1.29,-3.65
"575","Ian Krol","pitcher",-1.3,-3.66
"576","Boone Logan","pitcher",-1.3,-3.66
"577","Colby Lewis","pitcher",-1.3,-3.67
"578","Tim Lincecum","pitcher",-1.3,-3.67
"579","Cam Bedrosian","pitcher",-1.31,-3.69
"580","Jeanmar Gomez","pitcher",-1.32,-3.72
"581","Tyler Thornburg","pitcher",-1.32,-3.73
"582","Cory Rasmus","pitcher",-1.34,-3.78
"583","Kyle Kendrick","pitcher",-1.35,-3.79
"584","Jesus Montero","catcher",-1.78,-3.82
"585","Erik Johnson","pitcher",-1.36,-3.82
"586","Seth Maness","pitcher",-1.36,-3.82
"587","Kurt Suzuki","catcher",-1.78,-3.83
"588","Carl Crawford","outfield",-1.79,-3.85
"589","Bryan Mitchell","pitcher",-1.37,-3.85
"590","John Axford","pitcher",-1.37,-3.86
"591","Carlos Contreras","pitcher",-1.38,-3.88
"592","Adam Liberatore","pitcher",-1.39,-3.93
"593","Eduardo Escobar","shortstop",-1.82,-3.96
"594","Neil Ramirez","pitcher",-1.41,-3.96
"595","Enny Romero","pitcher",-1.41,-3.97
"596","Matt Andriese","pitcher",-1.42,-4.01
"597","Vance Worley","pitcher",-1.43,-4.02
"598","Alex Wilson","pitcher",-1.43,-4.03
"599","Bronson Arroyo","pitcher",-1.46,-4.1
"600","Caleb Cotham","pitcher",-1.46,-4.13
"601","Vincent Velasquez","pitcher",-1.47,-4.13
"602","Dalier Hinojosa","pitcher",-1.47,-4.15
"603","Louis Coleman","pitcher",-1.48,-4.17
"604","Adam Conley","pitcher",-1.49,-4.19
"605","Tim Anderson","shortstop",-1.9,-4.23
"606","Logan Verrett","pitcher",-1.5,-4.23
"607","Coco Crisp","outfield",-1.91,-4.24
"608","Cesar Hernandez","second_base",-1.91,-4.26
"609","JR Murphy","catcher",-1.92,-4.28
"610","Scott Oberg","pitcher",-1.53,-4.31
"611","Ben Paulsen","first_base",-1.93,-4.32
"612","Kirby Yates","pitcher",-1.53,-4.32
"613","Jake Petricka","pitcher",-1.54,-4.34
"614","Marc Rzepczynski","pitcher",-1.54,-4.34
"615","Brandon McCarthy","pitcher",-1.54,-4.34
"616","Jason Frasor","pitcher",-1.54,-4.35
"617","Brock Holt","third_base",-1.94,-4.36
"618","David Carpenter","pitcher",-1.55,-4.37
"619","Ian Thomas","pitcher",-1.55,-4.37
"620","Cody Martin","pitcher",-1.55,-4.37
"621","Freddy Galvis","shortstop",-1.96,-4.41
"622","Tyler Wilson","pitcher",-1.57,-4.41
"623","Gregor Blanco","outfield",-1.96,-4.42
"624","David Murphy","outfield",-1.96,-4.42
"625","Neftali Feliz","pitcher",-1.58,-4.44
"626","Juan Lagares","outfield",-1.97,-4.45
"627","Robbie Ross","pitcher",-1.58,-4.45
"628","Steve Geltz","pitcher",-1.59,-4.47
"629","Luis Avilan","pitcher",-1.6,-4.5
"630","Jordan Lyles","pitcher",-1.61,-4.53
"631","Erik Goeddel","pitcher",-1.61,-4.53
"632","Andrew Chafin","pitcher",-1.61,-4.54
"633","Kyle Crockett","pitcher",-1.61,-4.55
"634","Junior Guerra","pitcher",-1.62,-4.56
"635","Cory Gearrin","pitcher",-1.63,-4.58
"636","Dan Straily","pitcher",-1.63,-4.59
"637","Zack Wheeler","pitcher",-1.65,-4.64
"638","Miguel Almonte","pitcher",-1.66,-4.67
"639","Samuel Tuivailala","pitcher",-1.67,-4.7
"640","Brett Oberholtzer","pitcher",-1.67,-4.71
"641","Elvis Araujo","pitcher",-1.67,-4.72
"642","Christian Walker","first_base",-2.06,-4.75
"643","Blaine Hardy","pitcher",-1.69,-4.76
"644","Tommy Hunter","pitcher",-1.69,-4.77
"645","Ryan Dull","pitcher",-1.69,-4.77
"646","Austin Adams","pitcher",-1.7,-4.79
"647","Mike Pelfrey","pitcher",-1.7,-4.8
"648","Ryan Tepera","pitcher",-1.7,-4.8
"649","Odrisamer Despaigne","pitcher",-1.71,-4.82
"650","Mike Bolsinger","pitcher",-1.72,-4.84
"651","Darnell Sweeney","second_base",-2.1,-4.86
"652","Chad Billingsley","pitcher",-1.74,-4.89
"653","Matt Barnes","pitcher",-1.74,-4.89
"654","Francelis Montas","pitcher",-1.75,-4.93
"655","Matt Reynolds","pitcher",-1.75,-4.94
"656","Severino Gonzalez","pitcher",-1.76,-4.95
"657","Deolis Guerra","pitcher",-1.76,-4.97
"658","Brad Hand","pitcher",-1.77,-4.99
"659","Chris O'Grady","pitcher",-1.77,-4.99
"660","Jorge Lopez","pitcher",-1.78,-5
"661","John Holdzkom","pitcher",-1.78,-5.02
"662","Logan Darnell","pitcher",-1.79,-5.03
"663","Jacob Turner","pitcher",-1.79,-5.05
"664","Brad Peacock","pitcher",-1.8,-5.06
"665","Nick Wittgren","pitcher",-1.8,-5.07
"666","Mike Broadway","pitcher",-1.81,-5.09
"667","Felipe Rivero","pitcher",-1.81,-5.1
"668","Jameson Taillon","pitcher",-1.81,-5.11
"669","Andre Rienzo","pitcher",-1.81,-5.11
"670","Jimmy Paredes","outfield",-2.18,-5.13
"671","Miguel Socolovich","pitcher",-1.82,-5.13
"672","Javier Lopez","pitcher",-1.82,-5.14
"673","Jharel Cotton","pitcher",-1.82,-5.14
"674","Giovanny Urshela","third_base",-2.18,-5.15
"675","Brandon Morrow","pitcher",-1.83,-5.16
"676","Jerry Blevins","pitcher",-1.84,-5.18
"677","Manny Banuelos","pitcher",-1.84,-5.18
"678","Alejandro De Aza","outfield",-2.2,-5.2
"679","Chase Anderson","pitcher",-1.84,-5.2
"680","Stephen Johnson","pitcher",-1.85,-5.21
"681","Miguel Castro","pitcher",-1.86,-5.24
"682","Branden Pinder","pitcher",-1.86,-5.24
"683","Dalton Pompey","outfield",-2.22,-5.25
"684","Josh Collmenter","pitcher",-1.86,-5.25
"685","Josh Ravin","pitcher",-1.87,-5.27
"686","J.B. Wendelken","pitcher",-1.88,-5.31
"687","Jacob Lindgren","pitcher",-1.9,-5.35
"688","Robert Stephenson","pitcher",-1.9,-5.36
"689","Dan Jennings","pitcher",-1.9,-5.36
"690","Rafael Martin","pitcher",-1.91,-5.37
"691","Chase Whitley","pitcher",-1.91,-5.39
"692","J.R. Graham","pitcher",-1.93,-5.44
"693","L.J. Hoes","outfield",-2.28,-5.46
"694","Marwin Gonzalez","shortstop",-2.28,-5.48
"695","Omar Infante","second_base",-2.28,-5.48
"696","Sam Freeman","pitcher",-1.94,-5.48
"697","Jon Jay","outfield",-2.29,-5.5
"698","Justin Nicolino","pitcher",-1.95,-5.5
"699","Keith Hessler","pitcher",-1.96,-5.51
"700","Jim Johnson","pitcher",-1.97,-5.55
"701","Felix Doubront","pitcher",-1.97,-5.56
"702","Andrew Bellatti","pitcher",-1.98,-5.57
"703","Lucas Giolito","pitcher",-1.98,-5.58
"704","Jose Ramirez","pitcher",-1.98,-5.58
"705","Bo Schultz","pitcher",-1.98,-5.58
"706","Kyle Barraclough","pitcher",-1.98,-5.59
"707","Nolan Reimold","outfield",-2.32,-5.6
"708","Matt Harrison","pitcher",-1.99,-5.6
"709","Joe Thatcher","pitcher",-1.99,-5.6
"710","Rob Scahill","pitcher",-1.99,-5.6
"711","Kevin Chapman","pitcher",-1.99,-5.6
"712","Clayton Richard","pitcher",-1.99,-5.62
"713","Kyle Zimmer","pitcher",-2,-5.63
"714","Roberto Hernandez","pitcher",-2,-5.63
"715","Tim Collins","pitcher",-2,-5.63
"716","Mark Reynolds","third_base",-2.33,-5.64
"717","Aaron Brooks","pitcher",-2,-5.64
"718","Daniel Stumpf","pitcher",-2,-5.65
"719","Bud Norris","pitcher",-2.01,-5.66
"720","Tommy Kahnle","pitcher",-2.01,-5.67
"721","Trevor Gott","pitcher",-2.01,-5.67
"722","Jonathan Aro","pitcher",-2.01,-5.68
"723","Jacob Faria","pitcher",-2.03,-5.72
"724","T.J. McFarland","pitcher",-2.03,-5.73
"725","Nicholas Goody","pitcher",-2.03,-5.73
"726","Jose Berrios","pitcher",-2.04,-5.75
"727","Dario Alvarez","pitcher",-2.05,-5.77
"728","Chris Iannetta","catcher",-2.38,-5.78
"729","Enrique Hernandez","outfield",-2.38,-5.79
"730","Jairo Diaz","pitcher",-2.05,-5.79
"731","Scott Alexander","pitcher",-2.06,-5.79
"732","Will Middlebrooks","third_base",-2.38,-5.8
"733","Dayan Diaz","pitcher",-2.06,-5.8
"734","Steve Delabar","pitcher",-2.06,-5.81
"735","Brian Johnson","pitcher",-2.06,-5.81
"736","Enrique Burgos","pitcher",-2.06,-5.81
"737","Brandon Cumpton","pitcher",-2.07,-5.83
"738","Tanner Scheppers","pitcher",-2.07,-5.84
"739","Christian Colon","shortstop",-2.4,-5.85
"740","Cody Hall","pitcher",-2.08,-5.85
"741","C.J. Riefenhauser","pitcher",-2.08,-5.86
"742","Carlos Frias","pitcher",-2.08,-5.87
"743","Tim Cooney","pitcher",-2.08,-5.87
"744","Sean Nolin","pitcher",-2.08,-5.87
"745","Tom Layne","pitcher",-2.09,-5.88
"746","Alex Meyer","pitcher",-2.1,-5.92
"747","R.J. Alvarez","pitcher",-2.11,-5.93
"748","Alexi Amarista","shortstop",-2.43,-5.96
"749","Mark Appel","pitcher",-2.12,-5.96
"750","Heath Hembree","pitcher",-2.12,-5.96
"751","Tyler Collins","outfield",-2.43,-5.97
"752","Peter Moylan","pitcher",-2.12,-5.97
"753","Franklin Gutierrez","outfield",-2.44,-5.98
"754","Alex Claudio","pitcher",-2.13,-5.99
"755","Taylor Hill","pitcher",-2.14,-6.02
"756","T.J. House","pitcher",-2.14,-6.03
"757","Brandon Gomes","pitcher",-2.14,-6.03
"758","Ryan Webb","pitcher",-2.14,-6.04
"759","Yoervis Medina","pitcher",-2.15,-6.04
"760","Nick Rumbelow","pitcher",-2.15,-6.05
"761","Dan Otero","pitcher",-2.17,-6.11
"762","Henry Owens","pitcher",-2.17,-6.11
"763","Tyler Saladino","third_base",-2.48,-6.12
"764","Conor Gillaspie","third_base",-2.48,-6.12
"765","Asher Wojciechowski","pitcher",-2.17,-6.12
"766","Rex Brothers","pitcher",-2.17,-6.12
"767","Blake Snell","pitcher",-2.18,-6.13
"768","Luis Cessa","pitcher",-2.18,-6.13
"769","Marco Gonzales","pitcher",-2.18,-6.14
"770","Zac Rosscup","pitcher",-2.18,-6.15
"771","Ryan Pressly","pitcher",-2.18,-6.15
"772","Michael Feliz","pitcher",-2.19,-6.17
"773","Kyle Parker","outfield",-2.5,-6.19
"774","Matt Stites","pitcher",-2.2,-6.19
"775","Drew VerHagen","pitcher",-2.2,-6.2
"776","Derek Law","pitcher",-2.2,-6.2
"777","Christian Friedrich","pitcher",-2.21,-6.22
"778","Joseph Biagini","pitcher",-2.21,-6.23
"779","Ryan Weber","pitcher",-2.21,-6.24
"780","Ryan O'Rourke","pitcher",-2.21,-6.24
"781","Jose Urena","pitcher",-2.21,-6.24
"782","Jarrett Parker","outfield",-2.52,-6.26
"783","Brian Ellington","pitcher",-2.22,-6.26
"784","Jacob Barnes","pitcher",-2.23,-6.29
"785","Nefi Ogando","pitcher",-2.23,-6.29
"786","Ross Stripling","pitcher",-2.23,-6.29
"787","Mike Clevinger","pitcher",-2.24,-6.3
"788","Mike Wright","pitcher",-2.24,-6.31
"789","Matt Thornton","pitcher",-2.24,-6.32
"790","Tyler Duffey","pitcher",-2.24,-6.32
"791","Brandon Barnes","outfield",-2.54,-6.33
"792","Joey Gallo","third_base",-2.55,-6.34
"793","Kyle Ryan","pitcher",-2.26,-6.36
"794","Josh Smoker","pitcher",-2.26,-6.36
"795","Guido Knudson","pitcher",-2.26,-6.37
"796","Zach Phillips","pitcher",-2.27,-6.38
"797","Jarrod Parker","pitcher",-2.27,-6.4
"798","David Goforth","pitcher",-2.27,-6.4
"799","Ryan Cook","pitcher",-2.28,-6.41
"800","Michael Bourn","outfield",-2.57,-6.42
"801","Joe Wieland","pitcher",-2.28,-6.42
"802","Blake Smith","pitcher",-2.28,-6.42
"803","Yhonathan Barrios","pitcher",-2.28,-6.42
"804","James Paxton","pitcher",-2.28,-6.43
"805","Christopher Rearick","pitcher",-2.29,-6.44
"806","Steven Wright","pitcher",-2.29,-6.44
"807","David Rollins","pitcher",-2.29,-6.46
"808","Luke Jackson","pitcher",-2.29,-6.46
"809","Abraham Almonte","outfield",-2.6,-6.5
"810","Justin Smoak","first_base",-2.6,-6.5
"811","Justin De Fratus","pitcher",-2.32,-6.53
"812","Pat Venditte","pitcher",-2.32,-6.53
"813","Ryan Merritt","pitcher",-2.32,-6.54
"814","Michael Montgomery","pitcher",-2.33,-6.55
"815","Nick Kingham","pitcher",-2.33,-6.56
"816","Raudel Lazo","pitcher",-2.33,-6.56
"817","Phil Klein","pitcher",-2.33,-6.57
"818","Archie Bradley","pitcher",-2.33,-6.57
"819","Giovanni Soto","pitcher",-2.33,-6.58
"820","Carlos Ruiz","catcher",-2.62,-6.59
"821","Abel De Los Santos","pitcher",-2.34,-6.59
"822","Zachary Godley","pitcher",-2.34,-6.6
"823","Dean Kiekhefer","pitcher",-2.34,-6.6
"824","Carlos Villanueva","pitcher",-2.34,-6.61
"825","Greg Holland","pitcher",-2.35,-6.62
"826","James Pazos","pitcher",-2.35,-6.62
"827","Adam Morgan","pitcher",-2.35,-6.63
"828","Christian Bergman","pitcher",-2.35,-6.63
"829","J.C. Ramirez","pitcher",-2.37,-6.66
"830","Jason Gurka","pitcher",-2.37,-6.67
"831","Tyler Anderson","pitcher",-2.37,-6.67
"832","Radhames Liz","pitcher",-2.37,-6.67
"833","Mitchell Harris","pitcher",-2.37,-6.68
"834","Evan Marshall","pitcher",-2.38,-6.69
"835","Leonel Campos","pitcher",-2.38,-6.7
"836","Matt Marksberry","pitcher",-2.38,-6.71
"837","Spencer Patton","pitcher",-2.38,-6.71
"838","Joe Musgrove","pitcher",-2.39,-6.72
"839","Ross Ohlendorf","pitcher",-2.39,-6.73
"840","Noe Ramirez","pitcher",-2.39,-6.73
"841","Kendry Flores","pitcher",-2.39,-6.74
"842","Shae Simmons","pitcher",-2.39,-6.75
"843","Jenrry Mejia","pitcher",-2.4,-6.77
"844","Chaz Roe","pitcher",-2.4,-6.77
"845","Oliver Drake","pitcher",-2.41,-6.78
"846","Chad Jenkins","pitcher",-2.41,-6.8
"847","Luis Perdomo","pitcher",-2.42,-6.81
"848","Casey Kelly","pitcher",-2.42,-6.83
"849","Jeff Walters","pitcher",-2.42,-6.83
"850","Steven Okert","pitcher",-2.42,-6.83
"851","Daniel Winkler","pitcher",-2.43,-6.83
"852","Raul Alcantara","pitcher",-2.43,-6.85
"853","Ernesto Frieri","pitcher",-2.43,-6.85
"854","Brendan Mccurry","pitcher",-2.44,-6.86
"855","Blake Mcfarland","pitcher",-2.44,-6.86
"856","Andrew Schugel","pitcher",-2.44,-6.87
"857","Kyle Crick","pitcher",-2.44,-6.88
"858","Andrew Bailey","pitcher",-2.44,-6.89
"859","Alec Asher","pitcher",-2.45,-6.89
"860","Chris Capuano","pitcher",-2.45,-6.89
"861","J.T. Chargois","pitcher",-2.45,-6.9
"862","Cliff Lee","pitcher",-2.45,-6.91
"863","Joan Gregorio","pitcher",-2.46,-6.92
"864","Lucas Sims","pitcher",-2.46,-6.93
"865","Damien Magnifico","pitcher",-2.46,-6.94
"866","Trey Haley","pitcher",-2.46,-6.94
"867","Aaron Hill","second_base",-2.73,-6.95
"868","Matt Ramsey","pitcher",-2.47,-6.95
"869","Keyvius Sampson","pitcher",-2.47,-6.95
"870","Josh Edgin","pitcher",-2.47,-6.96
"871","Neal Cotts","pitcher",-2.47,-6.97
"872","Mario Hollands","pitcher",-2.47,-6.97
"873","Al Alburquerque","pitcher",-2.48,-6.98
"874","Pierce Johnson","pitcher",-2.48,-6.98
"875","Joel Peralta","pitcher",-2.48,-6.98
"876","Sammy Solis","pitcher",-2.48,-6.98
"877","Andrew McKirahan","pitcher",-2.48,-6.99
"878","Brandon Beachy","pitcher",-2.48,-6.99
"879","Manny Parra","pitcher",-2.48,-6.99
"880","Matt Boyd","pitcher",-2.48,-6.99
"881","Joe Nathan","pitcher",-2.48,-6.99
"882","Cesar Vargas","pitcher",-2.49,-7.01
"883","Edward Mujica","pitcher",-2.49,-7.01
"884","Tommy Pham","outfield",-2.75,-7.02
"885","Matthew Strahm","pitcher",-2.49,-7.02
"886","Akeel Morris","pitcher",-2.49,-7.02
"887","Alex Torres","pitcher",-2.49,-7.02
"888","Chris Jones","pitcher",-2.49,-7.02
"889","Edubray Ramos","pitcher",-2.49,-7.02
"890","Jarrod Saltalamacchia","catcher",-2.76,-7.03
"891","Rob Rasmussen","pitcher",-2.49,-7.03
"892","Rafael Betancourt","pitcher",-2.5,-7.03
"893","Dominic Leone","pitcher",-2.5,-7.04
"894","Jake Thompson","pitcher",-2.5,-7.04
"895","Julio Urias","pitcher",-2.5,-7.05
"896","David Hale","pitcher",-2.51,-7.06
"897","Ramon Ramirez","pitcher",-2.51,-7.06
"898","Brooks Brown","pitcher",-2.51,-7.07
"899","Randy Choate","pitcher",-2.51,-7.07
"900","David Aardsma","pitcher",-2.51,-7.08
"901","Bobby LaFromboise","pitcher",-2.51,-7.08
"902","J.P. Crawford","shortstop",-2.78,-7.09
"903","Steve Johnson","pitcher",-2.52,-7.09
"904","Matt Bowman","pitcher",-2.52,-7.09
"905","Tyler Wagner","pitcher",-2.52,-7.1
"906","Andrew Triggs","pitcher",-2.52,-7.1
"907","Andrew Faulkner","pitcher",-2.52,-7.1
"908","Colton Murray","pitcher",-2.52,-7.1
"909","Matt Albers","pitcher",-2.52,-7.11
"910","Clayton Blackburn","pitcher",-2.52,-7.11
"911","Jake Barrett","pitcher",-2.53,-7.12
"912","Jose Dominguez","pitcher",-2.53,-7.12
"913","Gregory Bird","first_base",-2.79,-7.13
"914","Angel Nesbitt","pitcher",-2.53,-7.13
"915","Edwin Escobar","pitcher",-2.53,-7.13
"916","Zack Jones","pitcher",-2.53,-7.13
"917","Alec Mills","pitcher",-2.53,-7.13
"918","Mason Melotakis","pitcher",-2.54,-7.15
"919","Jandel Gustave","pitcher",-2.54,-7.16
"920","Daniel Burawa","pitcher",-2.54,-7.16
"921","Carlos Estevez","pitcher",-2.54,-7.17
"922","Shawn Morimando","pitcher",-2.55,-7.18
"923","Juan Minaya","pitcher",-2.55,-7.19
"924","Danny Reynolds","pitcher",-2.55,-7.2
"925","Fernando Abad","pitcher",-2.56,-7.2
"926","Jimmy Cordero","pitcher",-2.56,-7.2
"927","Seth Lugo","pitcher",-2.56,-7.21
"928","Johnny Barbato","pitcher",-2.56,-7.21
"929","Cesar Jimenez","pitcher",-2.56,-7.21
"930","Brandon Cunniff","pitcher",-2.56,-7.21
"931","Jason Hursh","pitcher",-2.56,-7.22
"932","Dale Thayer","pitcher",-2.57,-7.23
"933","Mayckol Guaipe","pitcher",-2.57,-7.23
"934","Erik Davis","pitcher",-2.57,-7.23
"935","Ethan Martin","pitcher",-2.57,-7.23
"936","Jake Smith","pitcher",-2.57,-7.24
"937","Zach Lee","pitcher",-2.57,-7.24
"938","Daniel Webb","pitcher",-2.57,-7.24
"939","Eric O'Flaherty","pitcher",-2.57,-7.25
"940","Yohan Flande","pitcher",-2.57,-7.25
"941","Matt Grace","pitcher",-2.57,-7.25
"942","Adalberto Mejia","pitcher",-2.58,-7.26
"943","James Russell","pitcher",-2.58,-7.26
"944","Jeff Ferrell","pitcher",-2.58,-7.27
"945","Casey Janssen","pitcher",-2.58,-7.27
"946","Blaine Boyer","pitcher",-2.58,-7.27
"947","Pat Dean","pitcher",-2.58,-7.27
"948","Craig Breslow","pitcher",-2.58,-7.27
"949","A.J. Cole","pitcher",-2.58,-7.28
"950","German Marquez","pitcher",-2.58,-7.28
"951","Cesar Ramos","pitcher",-2.59,-7.29
"952","Scott McGough","pitcher",-2.59,-7.29
"953","Tyler Matzek","pitcher",-2.59,-7.29
"954","Steve Clevenger","catcher",-2.84,-7.3
"955","Devon Travis","second_base",-2.84,-7.3
"956","Taylor Guerrieri","pitcher",-2.59,-7.3
"957","Nick Masset","pitcher",-2.59,-7.3
"958","Ty Blach","pitcher",-2.59,-7.31
"959","Nick Lee","pitcher",-2.6,-7.31
"960","Matt Belisle","pitcher",-2.6,-7.32
"961","Shane Greene","pitcher",-2.6,-7.32
"962","A.J. Griffin","pitcher",-2.6,-7.32
"963","Kennys Vargas","first_base",-2.85,-7.33
"964","Ray Black","pitcher",-2.6,-7.34
"965","Wesley Wright","pitcher",-2.6,-7.34
"966","Carl Edwards","pitcher",-2.6,-7.34
"967","Williams Jerez","pitcher",-2.61,-7.34
"968","Adrian Houser","pitcher",-2.61,-7.34
"969","Michael Fulmer","pitcher",-2.61,-7.35
"970","Amir Garrett","pitcher",-2.61,-7.35
"971","Buck Farmer","pitcher",-2.61,-7.36
"972","John Gant","pitcher",-2.61,-7.36
"973","Alex Reyes","pitcher",-2.61,-7.36
"974","Ben Lively","pitcher",-2.61,-7.36
"975","Brandon Workman","pitcher",-2.62,-7.37
"976","Eric Jokisch","pitcher",-2.62,-7.37
"977","Andury Acevedo","pitcher",-2.62,-7.37
"978","Brian Duensing","pitcher",-2.62,-7.37
"979","Matt Joyce","outfield",-2.86,-7.38
"980","Ben Rowen","pitcher",-2.62,-7.39
"981","Joely Rodriguez","pitcher",-2.63,-7.4
"982","Mauricio Cabrera","pitcher",-2.63,-7.4
"983","Sal Romano","pitcher",-2.63,-7.4
"984","Jhoulys Chacin","pitcher",-2.63,-7.41
"985","Taylor Jordan","pitcher",-2.63,-7.42
"986","Kyle Lobstein","pitcher",-2.63,-7.42
"987","Nick Martinez","pitcher",-2.63,-7.42
"988","Jon Moscot","pitcher",-2.63,-7.42
"989","Pat Light","pitcher",-2.64,-7.43
"990","Edgar Olmos","pitcher",-2.64,-7.44
"991","Jarlin Garcia","pitcher",-2.64,-7.44
"992","Gabriel Ynoa","pitcher",-2.65,-7.46
"993","Chris Stratton","pitcher",-2.65,-7.46
"994","Joe Beimel","pitcher",-2.65,-7.46
"995","Chris Ellis","pitcher",-2.65,-7.46
"996","Will Locante","pitcher",-2.65,-7.46
"997","Ryan Goins","shortstop",-2.89,-7.47
"998","Burke Badenhop","pitcher",-2.65,-7.47
"999","Dallas Beeler","pitcher",-2.65,-7.48
"1000","Bobby Parnell","pitcher",-2.66,-7.49
"1001","Jose Valdez","pitcher",-2.66,-7.49
"1002","Christian Vazquez","catcher",-2.9,-7.5
"1003","Nick Tepesch","pitcher",-2.66,-7.51
"1004","Zach Eflin","pitcher",-2.67,-7.51
"1005","Angel Pagan","outfield",-2.91,-7.52
"1006","Paulo Orlando","outfield",-2.91,-7.53
"1007","Jose Leclerc","pitcher",-2.67,-7.54
"1008","Jake Esch","pitcher",-2.68,-7.54
"1009","Josh Phegley","catcher",-2.92,-7.55
"1010","Tyler Cravy","pitcher",-2.68,-7.55
"1011","Jason Garcia","pitcher",-2.68,-7.56
"1012","Ian Gardeck","pitcher",-2.68,-7.56
"1013","Taylor Rogers","pitcher",-2.68,-7.56
"1014","Shane Victorino","outfield",-2.92,-7.57
"1015","Robert Gsellman","pitcher",-2.7,-7.61
"1016","Chris Rusin","pitcher",-2.71,-7.63
"1017","Henderson Alvarez","pitcher",-2.71,-7.64
"1018","Chris Beck","pitcher",-2.72,-7.66
"1019","Melvin Upton","outfield",-2.95,-7.67
"1020","David Buchanan","pitcher",-2.72,-7.67
"1021","Christopher Lee","pitcher",-2.72,-7.67
"1022","Parker Bridwell","pitcher",-2.72,-7.67
"1023","Austin Brice","pitcher",-2.72,-7.67
"1024","Scott Van Slyke","outfield",-2.96,-7.68
"1025","Casey McGehee","third_base",-2.97,-7.73
"1026","David Holmberg","pitcher",-2.74,-7.73
"1027","Tyrell Jenkins","pitcher",-2.74,-7.73
"1028","Cameron Rupp","catcher",-2.98,-7.74
"1029","Dylan Baker","pitcher",-2.75,-7.74
"1030","Montreal Robertson","pitcher",-2.75,-7.75
"1031","Anthony Ranaudo","pitcher",-2.75,-7.76
"1032","Cody Anderson","pitcher",-2.77,-7.8
"1033","Antonio Senzatela","pitcher",-2.78,-7.83
"1034","Brady Dragmire","pitcher",-2.79,-7.85
"1035","Scott Carroll","pitcher",-2.79,-7.87
"1036","Michael Ynoa","pitcher",-2.83,-7.96
"1037","Derek Dietrich","second_base",-3.06,-8.01
"1038","Justin Ruggiano","outfield",-3.06,-8.02
"1039","Alex Avila","catcher",-3.1,-8.16
"1040","Brandon Brennan","pitcher",-2.93,-8.27
"1041","Travis Jankowski","outfield",-3.16,-8.33
"1042","Travis Snider","outfield",-3.21,-8.52
"1043","Michael Morse","outfield",-3.22,-8.53
"1044","Clint Robinson","outfield",-3.23,-8.58
"1045","Scott Schebler","outfield",-3.24,-8.59
"1046","Chris Coghlan","outfield",-3.25,-8.63
"1047","Eduardo Nunez","shortstop",-3.27,-8.71
"1048","Dustin Garneau","catcher",-3.27,-8.72
"1049","Jose Pirela","second_base",-3.28,-8.72
"1050","Kevin Plawecki","catcher",-3.3,-8.79
"1051","Curt Casali","catcher",-3.34,-8.92
"1052","Brayan Pena","catcher",-3.35,-8.98
"1053","Preston Tucker","outfield",-3.36,-9
"1054","Daniel Nava","outfield",-3.36,-9
"1055","Travis Shaw","first_base",-3.39,-9.1
"1056","Hank Conger","catcher",-3.41,-9.15
"1057","Domonic Brown","outfield",-3.41,-9.18
"1058","Tyler Moore","outfield",-3.48,-9.38
"1059","Andrew Susac","catcher",-3.48,-9.41
"1060","J.B. Shuck","outfield",-3.49,-9.43
"1061","Chris Gimenez","catcher",-3.56,-9.67
"1062","Jedd Gyorko","second_base",-3.57,-9.68
"1063","Caleb Joseph","catcher",-3.57,-9.7
"1064","Alberto Callaspo","third_base",-3.6,-9.77
"1065","Socrates Brito","outfield",-3.62,-9.85
"1066","David DeJesus","outfield",-3.64,-9.91
"1067","Craig Gentry","outfield",-3.66,-9.97
"1068","Chris Denorfia","outfield",-3.67,-10
"1069","Rymer Liriano","outfield",-3.67,-10.01
"1070","Ike Davis","first_base",-3.67,-10.02
"1071","Tommy La Stella","second_base",-3.68,-10.06
"1072","Ryan Hanigan","catcher",-3.73,-10.2
"1073","Michael McKenry","catcher",-3.73,-10.22
"1074","Peter O'Brien","outfield",-3.75,-10.28
"1075","Matt den Dekker","outfield",-3.77,-10.33
"1076","Sean Rodriguez","outfield",-3.84,-10.56
"1077","A.J. Ellis","catcher",-3.88,-10.69
"1078","Chi Chi Gonzalez","pitcher",-3.82,-10.75
"1079","Eddie Butler","pitcher",-3.82,-10.76
"1080","Andres Blanco","third_base",-3.91,-10.81
"1081","Austin Barnes","catcher",-3.93,-10.85
"1082","Delmon Young","outfield",-3.93,-10.88
"1083","Joey Butler","outfield",-3.99,-11.07
"1084","Jose Lobaton","catcher",-4,-11.08
"1085","Austin Hedges","catcher",-4.01,-11.12
"1086","Dustin Ackley","outfield",-4.01,-11.14
"1087","Alex Dickerson","outfield",-4.01,-11.14
"1088","Chris Stewart","catcher",-4.06,-11.28
"1089","Tyler Flowers","catcher",-4.07,-11.32
"1090","Tucker Barnhart","catcher",-4.1,-11.41
"1091","Ramon Cabrera","catcher",-4.11,-11.46
"1092","Grady Sizemore","outfield",-4.13,-11.51
"1093","Max Kepler","outfield",-4.15,-11.58
"1094","Carlos Sanchez","second_base",-4.19,-11.7
"1095","Josmil Pinto","catcher",-4.19,-11.7
"1096","Jake Marisnick","outfield",-4.21,-11.78
"1097","Ezequiel Carrera","outfield",-4.23,-11.86
"1098","Steven Moya","outfield",-4.24,-11.87
"1099","Phil Gosselin","second_base",-4.24,-11.88
"1100","Josh Thole","catcher",-4.24,-11.88
"1101","Tomas Telis","catcher",-4.24,-11.88
"1102","Nate McLouth","outfield",-4.24,-11.88
"1103","Joey Terdoslavich","outfield",-4.31,-12.09
"1104","Mikie Mahtook","outfield",-4.34,-12.19
"1105","Martin Maldonado","catcher",-4.34,-12.2
"1106","Mike Aviles","third_base",-4.37,-12.31
"1107","Eric Campbell","third_base",-4.37,-12.32
"1108","Tommy Medica","first_base",-4.38,-12.35
"1109","Drew Stubbs","outfield",-4.4,-12.39
"1110","Skip Schumaker","second_base",-4.4,-12.42
"1111","Ryan Raburn","outfield",-4.42,-12.48
"1112","Shane Peterson","outfield",-4.43,-12.49
"1113","Willson Contreras","catcher",-4.43,-12.5
"1114","Cheslor Cuthbert","third_base",-4.45,-12.58
"1115","Kelby Tomlinson","second_base",-4.46,-12.6
"1116","Geovany Soto","catcher",-4.52,-12.78
"1117","Collin Cowgill","outfield",-4.53,-12.82
"1118","Matt McBride","outfield",-4.55,-12.88
"1119","Rob Refsnyder","second_base",-4.55,-12.9
"1120","Jurickson Profar","second_base",-4.58,-13
"1121","Carlos Corporan","catcher",-4.59,-13.03
"1122","Chris Parmelee","outfield",-4.59,-13.03
"1123","Mac Williamson","outfield",-4.6,-13.06
"1124","Aaron Hicks","outfield",-4.61,-13.1
"1125","Cristhian Adames","shortstop",-4.63,-13.17
"1126","Christian Bethancourt","catcher",-4.65,-13.23
"1127","Maicer Izturis","third_base",-4.69,-13.34
"1128","Dariel Alvarez","outfield",-4.7,-13.39
"1129","Ryan Flaherty","second_base",-4.7,-13.4
"1130","Kelly Johnson","third_base",-4.72,-13.44
"1131","Ichiro Suzuki","outfield",-4.73,-13.48
"1132","Orlando Arcia","shortstop",-4.73,-13.49
"1133","Max Stassi","catcher",-4.74,-13.52
"1134","Jonny Gomes","outfield",-4.77,-13.61
"1135","Tom Murphy","catcher",-4.77,-13.62
"1136","Eric Sogard","second_base",-4.8,-13.71
"1137","Jeff Francoeur","outfield",-4.82,-13.78
"1138","Chris Herrmann","catcher",-4.82,-13.78
"1139","Roberto Perez","catcher",-4.83,-13.8
"1140","Boog Powell","outfield",-4.86,-13.9
"1141","Brett Wallace","first_base",-4.87,-13.93
"1142","Spencer Kieboom","catcher",-4.91,-14.08
"1143","Jordan Pacheco","catcher",-4.93,-14.15
"1144","Danny Espinosa","second_base",-4.94,-14.16
"1145","Daniel Descalso","shortstop",-5,-14.36
"1146","Rob Brantly","catcher",-5.01,-14.42
"1147","Francisco Pena","catcher",-5.02,-14.42
"1148","Rickie Weeks","second_base",-5.04,-14.51
"1149","Nick Swisher","first_base",-5.07,-14.58
"1150","Tim Beckham","shortstop",-5.07,-14.59
"1151","Jonathan Herrera","shortstop",-5.07,-14.61
"1152","Slade Heathcott","outfield",-5.08,-14.64
"1153","Tony Cruz","catcher",-5.09,-14.65
"1154","Austin Romine","catcher",-5.15,-14.85
"1155","Daniel Castro","shortstop",-5.15,-14.86
"1156","Bryan Holaday","catcher",-5.16,-14.89
"1157","Rafael Ynoa","third_base",-5.17,-14.91
"1158","Mike Zunino","catcher",-5.17,-14.92
"1159","Alfredo Gonzalez","catcher",-5.2,-15.04
"1160","A.J. Jimenez","catcher",-5.2,-15.04
"1161","Chris Taylor","shortstop",-5.21,-15.04
"1162","Pedro Severino","catcher",-5.23,-15.13
"1163","Jorge Alfaro","catcher",-5.27,-15.24
"1164","Luis Sardinas","shortstop",-5.27,-15.25
"1165","Chris O'Dowd","catcher",-5.28,-15.29
"1166","John Hicks","catcher",-5.28,-15.29
"1167","Rene Rivera","catcher",-5.3,-15.36
"1168","Cole Gillespie","outfield",-5.3,-15.37
"1169","Kevan Smith","catcher",-5.31,-15.37
"1170","Gordon Beckham","third_base",-5.31,-15.4
"1171","Charlie Tilson","outfield",-5.32,-15.4
"1172","Jake Smolinski","outfield",-5.32,-15.41
"1173","Micah Johnson","second_base",-5.32,-15.43
"1174","Miguel Rojas","shortstop",-5.34,-15.49
"1175","Wynton Bernard","outfield",-5.35,-15.52
"1176","Jorge Polanco","shortstop",-5.36,-15.56
"1177","Raimel Tapia","outfield",-5.39,-15.65
"1178","Josh Bell","outfield",-5.4,-15.66
"1179","Brandon Drury","third_base",-5.41,-15.71
"1180","Todd Cunningham","outfield",-5.43,-15.76
"1181","Nick Franklin","second_base",-5.45,-15.83
"1182","Wilmer Difo","second_base",-5.46,-15.87
"1183","Ivan De Jesus","second_base",-5.46,-15.89
"1184","Mike Ohlman","catcher",-5.48,-15.95
"1185","Oscar Hernandez","catcher",-5.51,-16.03
"1186","Joey Rickard","outfield",-5.53,-16.09
"1187","Johnny Monell","catcher",-5.53,-16.1
"1188","Tuffy Gosewisch","catcher",-5.54,-16.12
"1189","Trevor Brown","catcher",-5.54,-16.14
"1190","Jeff Mathis","catcher",-5.56,-16.2
"1191","Jett Bandy","catcher",-5.57,-16.23
"1192","Andrew Romine","third_base",-5.61,-16.35
"1193","Scott Sizemore","third_base",-5.63,-16.43
"1194","Arismendy Alcantara","second_base",-5.65,-16.51
"1195","Efren Navarro","outfield",-5.66,-16.53
"1196","David Ross","catcher",-5.66,-16.54
"1197","Reymond Fuentes","outfield",-5.69,-16.62
"1198","A.J. Reed","dh",-5.69,-16.63
"1199","Corey Hart","dh",-5.7,-16.66
"1200","Jason Rogers","first_base",-5.7,-16.66
"1201","Brett Phillips","outfield",-5.72,-16.73
"1202","Ruben Tejada","shortstop",-5.73,-16.76
"1203","Ronald Torreyes","third_base",-5.73,-16.76
"1204","Darwin Barney","second_base",-5.77,-16.9
"1205","John Mayberry","outfield",-5.78,-16.91
"1206","Dilson Herrera","second_base",-5.8,-17
"1207","Hanser Alberto","second_base",-5.8,-17
"1208","Leury Garcia","second_base",-5.82,-17.05
"1209","Ramon Flores","outfield",-5.82,-17.05
"1210","Tyler Naquin","outfield",-5.85,-17.14
"1211","Jake Cave","outfield",-5.87,-17.21
"1212","Cliff Pennington","shortstop",-5.87,-17.22
"1213","Sam Fuld","outfield",-5.88,-17.23
"1214","Clint Barmes","shortstop",-5.88,-17.25
"1215","Hernan Perez","third_base",-5.88,-17.26
"1216","Shawn O'Malley","outfield",-5.91,-17.33
"1217","Garin Cecchini","third_base",-5.91,-17.36
"1218","Matt Duffy","third_base",-5.93,-17.42
"1219","Tyler Holt","outfield",-5.93,-17.42
"1220","Mallex Smith","outfield",-5.95,-17.48
"1221","Kirk Nieuwenhuis","outfield",-5.95,-17.49
"1222","Rosell Herrera","shortstop",-5.96,-17.52
"1223","Marco Hernandez","shortstop",-5.96,-17.52
"1224","Trevor Story","shortstop",-5.97,-17.54
"1225","Stephen Drew","shortstop",-5.98,-17.58
"1226","Deven Marrero","third_base",-5.98,-17.59
"1227","Ben Gamel","outfield",-6.02,-17.71
"1228","Greg Garcia","shortstop",-6.02,-17.72
"1229","Luke Maile","catcher",-6.06,-17.84
"1230","Antoan Richardson","outfield",-6.06,-17.85
"1231","Ehire Adrianza","shortstop",-6.07,-17.86
"1232","Keon Broxton","outfield",-6.07,-17.88
"1233","Tony Wolters","catcher",-6.09,-17.94
"1234","Matt Szczur","outfield",-6.13,-18.07
"1235","Taylor Motter","outfield",-6.15,-18.12
"1236","Alen Hanson","shortstop",-6.16,-18.15
"1237","Jesus Sucre","catcher",-6.17,-18.2
"1238","Ramon Torres","shortstop",-6.18,-18.24
"1239","Nick Williams","outfield",-6.18,-18.25
"1240","Jefry Marte","first_base",-6.2,-18.29
"1241","Aledmys Diaz","shortstop",-6.23,-18.38
"1242","Travis Ishikawa","first_base",-6.23,-18.4
"1243","Darrell Ceciliani","outfield",-6.26,-18.51
"1244","Billy Mckinney","outfield",-6.27,-18.52
"1245","Andrew Lambo","outfield",-6.27,-18.54
"1246","Willy Garcia","outfield",-6.31,-18.67
"1247","Aaron Judge","outfield",-6.33,-18.71
"1248","Zach Walters","dh",-6.35,-18.8
"1249","Justin O'Conner","catcher",-6.36,-18.82
"1250","Jose Rondon","shortstop",-6.39,-18.92
"1251","Albert Almora","outfield",-6.4,-18.95
"1252","Dixon Machado","shortstop",-6.4,-18.96
"1253","Roman Quinn","shortstop",-6.4,-18.96
"1254","Drew Butera","catcher",-6.43,-19.06
"1255","Junior Lake","outfield",-6.46,-19.16
"1256","Emilio Bonifacio","second_base",-6.47,-19.17
"1257","Jerry Sands","outfield",-6.48,-19.22
"1258","Steven Baron","catcher",-6.48,-19.23
"1259","Nomar Mazara","outfield",-6.49,-19.24
"1260","Gavin Cecchini","shortstop",-6.49,-19.24
"1261","Carson Blair","catcher",-6.49,-19.26
"1262","Reynaldo Navarro","second_base",-6.5,-19.27
"1263","Kaleb Cowart","third_base",-6.51,-19.31
"1264","Trayce Thompson","outfield",-6.52,-19.34
"1265","Raul Mondesi","shortstop",-6.53,-19.37
"1266","Dean Anna","shortstop",-6.53,-19.39
"1267","Andrew Aplin","outfield",-6.53,-19.39
"1268","Stefen Romero","outfield",-6.54,-19.4
"1269","Matt Dominguez","third_base",-6.57,-19.51
"1270","Alex Guerrero","third_base",-6.58,-19.53
"1271","Yadiel Rivera","shortstop",-6.6,-19.61
"1272","Jeff Baker","first_base",-6.63,-19.71
"1273","Ryan Rua","outfield",-6.64,-19.74
"1274","Max Muncy","third_base",-6.66,-19.79
"1275","Taylor Featherston","third_base",-6.66,-19.8
"1276","Lewis Brinson","outfield",-6.66,-19.81
"1277","Mason Williams","outfield",-6.66,-19.81
"1278","Anthony Garcia","outfield",-6.67,-19.83
"1279","Bryce Brentz","outfield",-6.71,-19.96
"1280","Chris Heisey","outfield",-6.72,-19.99
"1281","Brett Eibner","outfield",-6.73,-20.02
"1282","Matt Reynolds","shortstop",-6.76,-20.12
"1283","Ryan Brett","second_base",-6.76,-20.13
"1284","Jacob May","outfield",-6.87,-20.49
"1285","Yorman Rodriguez","outfield",-6.92,-20.66
"1286","Richie Shaffer","third_base",-6.92,-20.67
"1287","JaCoby Jones","shortstop",-6.93,-20.68
"1288","Max Moroff","shortstop",-6.93,-20.68
"1289","Peter Bourjos","outfield",-6.93,-20.7
"1290","Pedro Florimon","shortstop",-6.95,-20.74
"1291","Ryan Jackson","second_base",-6.97,-20.8
"1292","Andy Wilkins","first_base",-7,-20.9
"1293","Jesus Aguilar","first_base",-7,-20.9
"1294","Erik Gonzalez","shortstop",-7.02,-20.97
"1295","Kyle Kubitza","third_base",-7.05,-21.07
"1296","Tyler Ladendorf","outfield",-7.05,-21.08
"1297","Brian Goodwin","outfield",-7.05,-21.08
"1298","Brandon Nimmo","outfield",-7.09,-21.2
"1299","Gabby Guerrero","outfield",-7.09,-21.22
"1300","Michael Reed","outfield",-7.2,-21.57
"1301","Jorge Bonifacio","outfield",-7.25,-21.74
"1302","Mike Olt","third_base",-7.26,-21.77
"1303","James Ramsey","outfield",-7.28,-21.83
"1304","Terrance Gore","outfield",-7.41,-22.25
"1305","Kyle Skipworth","catcher",-7.41,-22.27
"1306","Dan Uggla","second_base",-7.44,-22.34
"1307","Jake Goebbert","first_base",-7.5,-22.56
"1308","Adam Brett Walker","outfield",-7.56,-22.76
"1309","Bubba Starling","outfield",-7.6,-22.87
"1310","Nolan Fontana","shortstop",-7.73,-23.31
"1311","Matt Davidson","third_base",-7.86,-23.72
"1312","Jabari Blash","outfield",-7.91,-23.89
"1313","Gift Ngoepe","shortstop",-8.02,-24.27
"1314","Juan Duran","outfield",-8.15,-24.69
